Administration,,
Business Operations,,
Business Travel,,
Career and Education,,
Conferences and Event Planning,,
Finance and Accounting,,
Financial Markets,,
Government and Non-Profit,,
Hiring and Human Resources,,
International,,
Law and Legal,,
Management,,
Marketing and Sales,,
Non-Profit,,
Personal Finance,,
Product Management,,
Professional Development,,
Startups and Small Businesses,,
Sustainability,,
Technology,,
Product Management,Engineering,
Product Management,Industrial Design,
Product Management,Interface Design,
Product Management,Product Design,
Law and Legal,Corporate Law,
Law and Legal,Criminal Law,
Law and Legal,Employment and Labor Law,
Law and Legal,Property Law,
Law and Legal,Tax Law,
Law and Legal,Corporate Law,Antitrust Law
Law and Legal,Corporate Law,Contracts
Law and Legal,Corporate Law,Corporate Law
Law and Legal,Corporate Law,Finance and Securities Law
Law and Legal,Corporate Law,Intellectual Property
Professional Development,Career Management,
Professional Development,Communication and Public Speaking,
Professional Development,Ethics,
Professional Development,Professional Books and Resources,
Professional Development,Professional Networking,
Professional Development,Professional Organizations,
Management,Business Analytics,
Management,Change Management,
Management,Corporate Governance,
Management,Labor Relations,
Management,Organizational Development,
Management,Planning,
Marketing and Sales,Advertising and Promotion,
Marketing and Sales,Business Development,
Marketing and Sales,Graphic Design,
Marketing and Sales,Mobile Marketing,
Marketing and Sales,Public Relations,
Marketing and Sales,Sales,
Marketing and Sales,Search Marketing,
Marketing and Sales,Writing and Editing,
Government and Non-Profit,Government Contracts,
Government and Non-Profit,Government Policy,
Government and Non-Profit,Government Services,
Administration,Business Insurance,
Administration,Commercial Real Estate,
Administration,Customer Service,
Administration,Facilities Management,
Administration,Purchasing,
Administration,Regulation and Compliance,
Sustainability,Energy and Development,
Sustainability,Green Business,
Sustainability,Green Products,
Product Management,Branding,
Product Management,Distribution,
Product Management,Market Research and Definition,
Product Management,Positioning,
Product Management,Pricing,
Product Management,Product Design,
Hiring and Human Resources,Compensation and Benefits,
Hiring and Human Resources,Personnel Policies,
Hiring and Human Resources,Staffing and Recruiting,
Career and Education,Certification and Licenses,
Career and Education,Education and Schools,
Career and Education,Freelancing and Contracting,
Career and Education,Job Search,
Career and Education,Mentoring,
Career and Education,Occupational Training,
Career and Education,Resume Writing,
Startups and Small Businesses,Business Plans,
Startups and Small Businesses,Franchising,
Startups and Small Businesses,Incorporation,
Startups and Small Businesses,Small Business,
Startups and Small Businesses,Starting Up,
Administration,Business Insurance,
Administration,Commercial Real Estate,
Administration,Customer Service,
Administration,Facilities Management,
Administration,Purchasing,
Administration,Regulation and Compliance,
Business Operations,Inventory Management,
Business Operations,Manufacturing,
Business Operations,Packaging and Labeling,
Business Operations,Project Management,
Business Operations,Quality Management and Standards,
Business Operations,Supply Chain Management,
Business Travel,Air Travel,
Business Travel,Business Dining and Entertainment,
Business Travel,Car and Train Travel,
Business Travel,Hotels,
Business Travel,Travel Tools,
Career and Education,Certification and Licenses,
Career and Education,Education and Schools,
Career and Education,Freelancing and Contracting,
Career and Education,Job Search,
Career and Education,Mentoring,
Career and Education,Occupational Training,
Career and Education,Resume Writing,
Conferences and Event Planning,Conference Planning,
Conferences and Event Planning,Conference Venues,
Conferences and Event Planning,Event Marketing and Promotions,
Finance and Accounting,Accounting,
Finance and Accounting,Auditing,
Finance and Accounting,Budgeting,
Finance and Accounting,Corporate Debt,
Finance and Accounting,Corporate Taxes,
Finance and Accounting,Economics,
Finance and Accounting,Financial Regulation,
Finance and Accounting,Financing,Foreign Investment
Finance and Accounting,Financing,IPO
Finance and Accounting,Financing,Public Funding
Finance and Accounting,Financing,Venture Capital and Private Equity
Finance and Accounting,Mergers and Acquisitions,
Finance and Accounting,Risk Management,
Financial Markets,Bond Markets,
Financial Markets,Commodity Markets,
Financial Markets,Currency Markets,
Financial Markets,Derivatives Markets,
Financial Markets,Equity Markets,
Financial Markets,Futures Markets,
Financial Markets,Hedge Funds,
Financial Markets,Option Markets,
Government and Non-Profit,Government Contracts,
Government and Non-Profit,Government Policy,
Government and Non-Profit,Government Services,
Hiring and Human Resources,Compensation and Benefits,
Hiring and Human Resources,Personal Policies,
Hiring and Human Resources,Staffing and Recruiting,
International,"Customs, Tariffs and Taxes",
International,Exporting/Importing,
International,International Law,
International,Internationalization and Localization,
International,Offshoring and Outsourcing,
International,"Treaties, Agreements and Organizations",
Law and Legal,Corporate Law,Antitrust Law
Law and Legal,Corporate Law,Contracts
Law and Legal,Corporate Law,Corporate Law
Law and Legal,Corporate Law,Finance and Securities Law
Law and Legal,Corporate Law,Intellectual Property
Law and Legal,Criminal Law,
Law and Legal,Employment and Labor Law,
Law and Legal,Property Law,
Law and Legal,Tax Law,
Management,Business Analytics,
Management,Change Management,
Management,Corporate Governance,
Management,Labor Relations,
Management,Organizational Development,
Management,Planning,
Marketing and Sales,Advertising and Promotion,Advertising
Marketing and Sales,Advertising and Promotion,Direct Marketing
Marketing and Sales,Advertising and Promotion,Events Marketing
Marketing and Sales,Advertising and Promotion,Guerrilla Marketing
Marketing and Sales,Advertising and Promotion,Internet Marketing
Marketing and Sales,Advertising and Promotion,Viral Marketing
Marketing and Sales,Business Development,
Marketing and Sales,Graphic Design,
Marketing and Sales,Mobile Marketing,
Marketing and Sales,Public Relations,
Marketing and Sales,Sales,Customer Relationship Management
Marketing and Sales,Sales,Lead Generation
Marketing and Sales,Sales,Sales Technique
Marketing and Sales,Search Marketing,
Marketing and Sales,Writing and Editing,
Non-Profit,Non-profit Fundraising,
Non-Profit,Non-profit Management,
Non-Profit,Philanthropy,
Non-Profit,Social Enterpreneurship,
Personal Finance,Individual Insurance,
Personal Finance,Personal Debt Management,
Personal Finance,Personal Investing,
Personal Finance,Personal Real Estate,
Personal Finance,Personal Taxes,
Personal Finance,Retirement and Estate Planning,
Personal Finance,Wealth Management,
Product Management,Branding,
Product Management,Distribution,
Product Management,Market Research and Definition,
Product Management,Positioning,
Product Management,Pricing,
Product Management,Product Design,Engineering
Product Management,Product Design,Industrial Design
Product Management,Product Design,Interface Design
Product Management,Product Design,Product Design
Professional Development,Career Management,
Professional Development,Communication and Public Speaking,
Professional Development,Ethics,
Professional Development,Professional Books and Resources,
Professional Development,Professional Networking,
Professional Development,Professional Organization,
Startups and Small Businesses,Business Plans,
Startups and Small Businesses,Franchising,
Startups and Small Businesses,Incorporations,
Startups and Small Businesses,Small Business,
Startups and Small Businesses,Starting Up,
Sustainability,Energy and Development,
Sustainability,Green Business,
Sustainability,Green Products,
Technology,Biotech,
Technology,Blogging,
Technology,E-commerce,
Technology,Enterprise Software,
Technology,Information Technology,Computer Networking
Technology,Information Technology,Computers and Software
Technology,Information Technology,Databases
Technology,Information Technology,Information Security
Technology,Information Technology,Information Storage
Technology,Information Technology,Telecommunication
Technology,Software Development,
Technology,Web Development,
Technology,Wireless,
